,file_path,sentence,section,country_names,0_span,weight_0
3,C:\Users\shweata\un-datathon-2023\corpus\climate_vulnerability_assessment_floods_2023_2022\PMC10017640\sections\1_front\1_article-meta\5_title-group.xml,"The impact of environmental change on landslides, fatal landslides, and their triggers in Pakistan (2003–2019)",TIL,Pakistan,"(90, 98)",1
4,C:\Users\shweata\un-datathon-2023\corpus\climate_vulnerability_assessment_floods_2023_2022\PMC10018463\sections\1_front\1_article-meta\5_title-group.xml,"Assessing the adaptive capacity of smallholder cocoa farmers to climate variability in the Adansi South District of the Ashanti Region, Ghana",TIL,Ghana,"(136, 141)",1
8,C:\Users\shweata\un-datathon-2023\corpus\climate_vulnerability_assessment_floods_2023_2022\PMC10028453\sections\1_front\1_article-meta\4_title-group.xml,"Joint Food and Water Insecurity Had a Multiplicative Effect on Women’s Depression in Urban Informal Settlements in Makassar, Indonesia during the COVID-19 Pandemic",TIL,Indonesia,"(125, 134)",1
16,C:\Users\shweata\un-datathon-2023\corpus\climate_vulnerability_assessment_floods_2023_2022\PMC10043001\sections\1_front\1_article-meta\5_title-group.xml,Indicator-based approach for fluvial flood risk assessment at municipal level in Slovakia,TIL,Slovakia,"(81, 89)",1
18,C:\Users\shweata\un-datathon-2023\corpus\climate_vulnerability_assessment_floods_2023_2022\PMC10051021\sections\1_front\1_article-meta\5_title-group.xml,Flood damage inspection and risk indexing data for an inventory of bridges in Central Greece,TIL,Greece,"(86, 92)",1
23,C:\Users\shweata\un-datathon-2023\corpus\climate_vulnerability_assessment_floods_2023_2022\PMC10074355\sections\1_front\1_article-meta\5_title-group.xml,"Socio-ecological challenges and food security in the ‘salad bowl’ of Fiji, Sigatoka Valley",TIL,Fiji,"(69, 73)",1
28,C:\Users\shweata\un-datathon-2023\corpus\climate_vulnerability_assessment_floods_2023_2022\PMC10078648\sections\1_front\1_article-meta\5_title-group.xml,Modeling the association between socioeconomic features and risk of flood damage: A local‐scale case study in Sri Lanka De Silva & Kawasaki Association of socioeconomic features and risk of flood damage,TIL,Sri Lanka,"(110, 119)",1
37,C:\Users\shweata\un-datathon-2023\corpus\climate_vulnerability_assessment_floods_2023_2022\PMC10101899\sections\1_front\1_article-meta\5_title-group.xml,Characterization of the water bodies of Extremadura (SW Spain),TIL,Spain,"(56, 61)",1
39,C:\Users\shweata\un-datathon-2023\corpus\climate_vulnerability_assessment_floods_2023_2022\PMC10111512\sections\1_front\1_article-meta\6_title-group.xml,Heat Exposure Following the Rainy Season Is Associated With an Increased Risk of Cardiovascular Emergency Among the Elderly in Japan High Temperatures and Cardiovascular Emergency Fujimoto et al,TIL,Japan,"(127, 132)",1
42,C:\Users\shweata\un-datathon-2023\corpus\climate_vulnerability_assessment_floods_2023_2022\PMC10124868\sections\1_front\1_article-meta\4_title-group.xml,Exploring the association between precipitation and hospital admission for mental disorders in Switzerland between 2009 and 2019 Precipitation and hospital admission for mental disorders,TIL,Switzerland,"(95, 106)",1
43,C:\Users\shweata\un-datathon-2023\corpus\climate_vulnerability_assessment_floods_2023_2022\PMC10126936\sections\1_front\1_article-meta\5_title-group.xml,Climate shocks and responses: Perspectives and experiences of ethnic minority farmers in rural mountainous regions of Central Vietnam,TIL,Vietnam,"(126, 133)",1
46,C:\Users\shweata\un-datathon-2023\corpus\climate_vulnerability_assessment_floods_2023_2022\PMC10131073\sections\1_front\1_article-meta\5_title-group.xml,Empirical assessment of species vulnerability for biodiversity conservation: A case study on Chalan beel of Bangladesh,TIL,Bangladesh,"(108, 118)",1
48,C:\Users\shweata\un-datathon-2023\corpus\climate_vulnerability_assessment_floods_2023_2022\PMC10133655\sections\1_front\1_article-meta\5_title-group.xml,"Analyzing changes in land use practices and livelihoods in the Bhungroo irrigation technology Volta basin piloted sites, West Mamprusi District, Ghana",TIL,Ghana,"(145, 150)",1
50,C:\Users\shweata\un-datathon-2023\corpus\climate_vulnerability_assessment_floods_2023_2022\PMC10140045\sections\1_front\1_article-meta\5_title-group.xml,Understanding physical climate risks and their implication for community adaptation in the borana zone of southern Ethiopia using mixed-methods research,TIL,Ethiopia,"(115, 123)",1
55,C:\Users\shweata\un-datathon-2023\corpus\climate_vulnerability_assessment_floods_2023_2022\PMC10152420\sections\1_front\1_article-meta\5_title-group.xml,"Transformative adaptation through nature-based solutions: a comparative case study analysis in China, Italy, and Germany",TIL,"Germany, Italy","(113, 120), (102, 107)",2
56,C:\Users\shweata\un-datathon-2023\corpus\climate_vulnerability_assessment_floods_2023_2022\PMC10159560\sections\1_front\1_article-meta\4_title-group.xml,"Climate Change, Disasters, and Mental Health of Adolescents in India",TIL,India,"(63, 68)",1
59,C:\Users\shweata\un-datathon-2023\corpus\climate_vulnerability_assessment_floods_2023_2022\PMC10169323\sections\1_front\1_article-meta\4_title-group.xml,"Community disaster resilience using multi-hazard assessment during Covid-19: The case of Denpasar, Indonesia",TIL,Indonesia,"(99, 108)",1
69,C:\Users\shweata\un-datathon-2023\corpus\climate_vulnerability_assessment_floods_2023_2022\PMC10220377\sections\1_front\1_article-meta\5_title-group.xml,Artificial neural network for flood susceptibility mapping in Bangladesh,TIL,Bangladesh,"(62, 72)",1
72,C:\Users\shweata\un-datathon-2023\corpus\climate_vulnerability_assessment_floods_2023_2022\PMC10234243\sections\1_front\1_article-meta\5_title-group.xml,Co-development of vulnerability and risk assessment framework and methodology for Nepal,TIL,Nepal,"(82, 87)",1
73,C:\Users\shweata\un-datathon-2023\corpus\climate_vulnerability_assessment_floods_2023_2022\PMC10235075\sections\1_front\1_article-meta\5_title-group.xml,"GIS-based hydrodynamic modeling for urban flood mitigation in fast-growing regions: a case study of Erbil, Kurdistan Region of Iraq",TIL,Iraq,"(127, 131)",1
74,C:\Users\shweata\un-datathon-2023\corpus\climate_vulnerability_assessment_floods_2023_2022\PMC10238933\sections\1_front\1_article-meta\5_title-group.xml,Predicting suitable habitat of swamp deer ( Rucervus duvaucelii ) across the Western Terai Arc Landscape of Nepal,TIL,Nepal,"(108, 113)",1
77,C:\Users\shweata\un-datathon-2023\corpus\climate_vulnerability_assessment_floods_2023_2022\PMC10243237\sections\1_front\1_article-meta\4_title-group.xml,Households’ vulnerability assessment: empirical evidence from cyclone-prone area of Bangladesh,TIL,Bangladesh,"(84, 94)",1
82,C:\Users\shweata\un-datathon-2023\corpus\climate_vulnerability_assessment_floods_2023_2022\PMC10249942\sections\1_front\1_article-meta\4_title-group.xml,"Implications for agriculture sector of Punjab, Pakistan",TIL,Pakistan,"(47, 55)",1
86,C:\Users\shweata\un-datathon-2023\corpus\climate_vulnerability_assessment_floods_2023_2022\PMC10263031\sections\1_front\1_article-meta\4_title-group.xml,"People’s Response to Disaster: A Population Based Study of the Victims of 2018 Flood in Kerala, South India",TIL,India,"(102, 107)",1
87,C:\Users\shweata\un-datathon-2023\corpus\climate_vulnerability_assessment_floods_2023_2022\PMC10281976\sections\1_front\1_article-meta\5_title-group.xml,Characterization and outlook of climatic hazards in an agricultural area of Pakistan,TIL,Pakistan,"(76, 84)",1
88,C:\Users\shweata\un-datathon-2023\corpus\climate_vulnerability_assessment_floods_2023_2022\PMC10287829\sections\1_front\1_article-meta\5_title-group.xml,"Investigating extreme hydrological risk impact on water quality; evidence from Buffalo catchment headwater, Eastern Cape, South Africa",TIL,South Africa,"(122, 134)",1
89,C:\Users\shweata\un-datathon-2023\corpus\climate_vulnerability_assessment_floods_2023_2022\PMC10289356\sections\1_front\1_article-meta\4_title-group.xml,"A sixfold urban design framework to assess climate resilience: Generative transformation in Negril, Jamaica A sixfold urban design framework to assess climate resilience",TIL,Jamaica,"(100, 107)",1
90,C:\Users\shweata\un-datathon-2023\corpus\climate_vulnerability_assessment_floods_2023_2022\PMC10297967\sections\1_front\1_article-meta\4_title-group.xml,"Climate Change, Ecological Modernization, and Disaster Management: The Coastal Embankment Project in Southwestern Bangladesh",TIL,Bangladesh,"(114, 124)",1
92,C:\Users\shweata\un-datathon-2023\corpus\climate_vulnerability_assessment_floods_2023_2022\PMC10320178\sections\1_front\1_article-meta\5_title-group.xml,Monitoring of drainage system and waterlogging area in the human-induced Ganges-Brahmaputra tidal delta plain of Bangladesh using MNDWI index,TIL,Bangladesh,"(113, 123)",1
95,C:\Users\shweata\un-datathon-2023\corpus\climate_vulnerability_assessment_floods_2023_2022\PMC10331038\sections\1_front\1_article-meta\4_title-group.xml,Determinants of health volunteer training in natural hazard management in Iran,TIL,Iran,"(74, 78)",1
96,C:\Users\shweata\un-datathon-2023\corpus\climate_vulnerability_assessment_floods_2023_2022\PMC10331041\sections\1_front\1_article-meta\4_title-group.xml,Indicators for monitoring and evaluating climate change adaptation efforts in South Africa,TIL,South Africa,"(78, 90)",1
97,C:\Users\shweata\un-datathon-2023\corpus\climate_vulnerability_assessment_floods_2023_2022\PMC10333619\sections\1_front\1_article-meta\5_title-group.xml,Assessment of performance of the regional climate model (RegCM4.6) to simulate winter rainfall in the north of Morocco: The case of Tangier-Tétouan-Al-Hociema Region,TIL,Morocco,"(111, 118)",1
98,C:\Users\shweata\un-datathon-2023\corpus\climate_vulnerability_assessment_floods_2023_2022\PMC10336429\sections\1_front\1_article-meta\5_title-group.xml,"Mining nutri-dense accessions from rice landraces of Assam, India",TIL,India,"(60, 65)",1
101,C:\Users\shweata\un-datathon-2023\corpus\climate_vulnerability_assessment_floods_2023_2022\PMC10366121\sections\1_front\1_article-meta\5_title-group.xml,"Flood susceptibility mapping utilizing the integration of geospatial and multivariate statistical analysis, Erbil area in Northern Iraq as a case study",TIL,Iraq,"(131, 135)",1
102,C:\Users\shweata\un-datathon-2023\corpus\climate_vulnerability_assessment_floods_2023_2022\PMC10372212\sections\1_front\1_article-meta\5_title-group.xml,Reconnoitering NGOs strategies to strengthen disaster risk communication (DRC) in Pakistan: A conventional content analysis approach,TIL,Pakistan,"(82, 90)",1
107,C:\Users\shweata\un-datathon-2023\corpus\climate_vulnerability_assessment_floods_2023_2022\PMC10388404\sections\1_front\1_article-meta\5_title-group.xml,Nonparametric assessment of mangrove ecosystem in the context of coastal resilience in Ghana Aja et al.,TIL,Ghana,"(87, 92)",1
108,C:\Users\shweata\un-datathon-2023\corpus\climate_vulnerability_assessment_floods_2023_2022\PMC10396799\sections\1_front\1_article-meta\5_title-group.xml,"Quantifying the effects of anomalies of temperature, precipitation, and surface water storage on diarrhea risk in Taiwan",TIL,Taiwan,"(114, 120)",1
109,C:\Users\shweata\un-datathon-2023\corpus\climate_vulnerability_assessment_floods_2023_2022\PMC10397228\sections\1_front\1_article-meta\5_title-group.xml,"Understanding non-stationarity of hydroclimatic extremes and resilience in Peninsular catchments, India",TIL,India,"(98, 103)",1
111,C:\Users\shweata\un-datathon-2023\corpus\climate_vulnerability_assessment_floods_2023_2022\PMC10404682\sections\1_front\1_article-meta\5_title-group.xml,"Assessment of soil erosion hazard and its relation to land use land cover changes: Case study from alage watershed, central Rift Valley of Ethiopia",TIL,Ethiopia,"(139, 147)",1
117,C:\Users\shweata\un-datathon-2023\corpus\climate_vulnerability_assessment_floods_2023_2022\PMC10412990\sections\1_front\1_article-meta\5_title-group.xml,Determinants of farmers’ adaptation strategies to climate change impacts in northwestern Ethiopia,TIL,Ethiopia,"(89, 97)",1
118,C:\Users\shweata\un-datathon-2023\corpus\climate_vulnerability_assessment_floods_2023_2022\PMC10413002\sections\1_front\1_article-meta\5_title-group.xml,"Salinity hazard drives the alteration of occupation, land use and ecosystem service in the coastal areas: Evidence from the south-western coastal region of Bangladesh",TIL,Bangladesh,"(156, 166)",1
119,C:\Users\shweata\un-datathon-2023\corpus\climate_vulnerability_assessment_floods_2023_2022\PMC10415659\sections\1_front\1_article-meta\5_title-group.xml,"Assessing coastal vulnerability and land use to sea level rise in Jeddah province, Kingdom of Saudi Arabia",TIL,Saudi Arabia,"(94, 106)",1
125,C:\Users\shweata\un-datathon-2023\corpus\climate_vulnerability_assessment_floods_2023_2022\PMC10432505\sections\1_front\1_article-meta\5_title-group.xml,Assessing demographic and economic vulnerabilities to sea level rise in Bangladesh via a nighttime light-based cellular automata model,TIL,Bangladesh,"(72, 82)",1
129,C:\Users\shweata\un-datathon-2023\corpus\climate_vulnerability_assessment_floods_2023_2022\PMC10454401\sections\1_front\1_article-meta\5_title-group.xml,"Exploring Flood Response Challenges, Training Needs, and the Impact of Online Flood Training for Lifeguards and Water Safety Professionals in South Africa",TIL,South Africa,"(142, 154)",1
138,C:\Users\shweata\un-datathon-2023\corpus\climate_vulnerability_assessment_floods_2023_2022\PMC10483873\sections\1_front\1_article-meta\5_title-group.xml,"Social vulnerability, impacts and adaptations strategies in the face of natural hazards: insight from riverine islands of Bangladesh",TIL,Bangladesh,"(122, 132)",1
143,C:\Users\shweata\un-datathon-2023\corpus\climate_vulnerability_assessment_floods_2023_2022\PMC10508601\sections\1_front\1_article-meta\4_title-group.xml,Ecological urbanism as a condition underpinning urban life for internally displaced peoples in Colombia Ecological urbanism in internally displaced peoples,TIL,Colombia,"(95, 103)",1
147,C:\Users\shweata\un-datathon-2023\corpus\climate_vulnerability_assessment_floods_2023_2022\PMC10520810\sections\1_front\1_article-meta\5_title-group.xml,Analysis the characterization of climate change and its impacts on smallholder farmers in Eastern Ethiopia,TIL,Ethiopia,"(98, 106)",1
149,C:\Users\shweata\un-datathon-2023\corpus\climate_vulnerability_assessment_floods_2023_2022\PMC10527708\sections\1_front\1_article-meta\4_title-group.xml,"A Holistic Analysis of Food Security Situation of Households Engaged in Land Certification and Sustainable Land Management Programs: South Wello, Ethiopia",TIL,Ethiopia,"(146, 154)",1
151,C:\Users\shweata\un-datathon-2023\corpus\climate_vulnerability_assessment_floods_2023_2022\PMC10534403\sections\1_front\1_article-meta\5_title-group.xml,One Health Approach to Leptospirosis: Dogs as Environmental Sentinels for Identification and Monitoring of Human Risk Areas in Southern Brazil,TIL,Brazil,"(136, 142)",1
154,C:\Users\shweata\un-datathon-2023\corpus\climate_vulnerability_assessment_floods_2023_2022\PMC10546220\sections\1_front\1_article-meta\4_title-group.xml,Adaptive capacity in the implementation of disaster response village programme in Indonesia: Literature review,TIL,Indonesia,"(82, 91)",1
157,C:\Users\shweata\un-datathon-2023\corpus\climate_vulnerability_assessment_floods_2023_2022\PMC10548489\sections\1_front\1_article-meta\3_title-group.xml,"Scoping review of climate change and mental health in Germany – Direct and indirect impacts, vulnerable groups, resilience factors",TIL,Germany,"(54, 61)",1
162,C:\Users\shweata\un-datathon-2023\corpus\climate_vulnerability_assessment_floods_2023_2022\PMC10582392\sections\1_front\1_article-meta\5_title-group.xml,"Characterizing the level of urban Flood vulnerability using the social-ecological-technological systems framework, the case of Adama city, Ethiopia",TIL,Ethiopia,"(139, 147)",1
173,C:\Users\shweata\un-datathon-2023\corpus\climate_vulnerability_assessment_floods_2023_2022\PMC8724583\sections\1_front\1_article-meta\4_title-group.xml,‘We have a plan for that’: a qualitative study of health system resilience through the perspective of health workers managing antenatal and childbirth services during floods in Cambodia,TIL,Cambodia,"(177, 185)",1
175,C:\Users\shweata\un-datathon-2023\corpus\climate_vulnerability_assessment_floods_2023_2022\PMC8732806\sections\1_front\1_article-meta\5_title-group.xml,"Coastal planktonic community unaffected by Boreal hydropower complex in Québec, Canada",TIL,Canada,"(80, 86)",1
179,C:\Users\shweata\un-datathon-2023\corpus\climate_vulnerability_assessment_floods_2023_2022\PMC8757373\sections\1_front\1_article-meta\4_title-group.xml,Identifying and prioritising climate change adaptation actions for greater one-horned rhinoceros ( Rhinoceros unicornis ) conservation in Nepal,TIL,Nepal,"(138, 143)",1
180,C:\Users\shweata\un-datathon-2023\corpus\climate_vulnerability_assessment_floods_2023_2022\PMC8758763\sections\1_front\1_article-meta\4_title-group.xml,Tracking hidden crisis in India’s capital from space: implications of unsustainable groundwater use,TIL,India,"(26, 31)",1
184,C:\Users\shweata\un-datathon-2023\corpus\climate_vulnerability_assessment_floods_2023_2022\PMC8784587\sections\1_front\1_article-meta\4_title-group.xml,The ramification of Cameroon’s Anglophone crisis: conceptual analysis of a looming “Complex Disaster Emergency”,TIL,Cameroon,"(20, 28)",1
190,C:\Users\shweata\un-datathon-2023\corpus\climate_vulnerability_assessment_floods_2023_2022\PMC8832005\sections\1_front\1_article-meta\4_title-group.xml,Inter-agency collaboration and disaster management: A case study of the 2005 earthquake disaster in Pakistan,TIL,Pakistan,"(100, 108)",1
191,C:\Users\shweata\un-datathon-2023\corpus\climate_vulnerability_assessment_floods_2023_2022\PMC8834807\sections\1_front\1_article-meta\4_title-group.xml,"Advanced Operationalization Framework for Climate-Resilient Urban Public Health Care Services: Composite Indicators-Based Scenario Assessment of Khon Kaen City, Thailand",TIL,Thailand,"(161, 169)",1
199,C:\Users\shweata\un-datathon-2023\corpus\climate_vulnerability_assessment_floods_2023_2022\PMC8885317\sections\1_front\1_article-meta\5_title-group.xml,Identifying factors contributing to social vulnerability through a deliberative Q-Sort process: an application to heat vulnerability in Taiwan,TIL,Taiwan,"(136, 142)",1
202,C:\Users\shweata\un-datathon-2023\corpus\climate_vulnerability_assessment_floods_2023_2022\PMC8898806\sections\1_front\1_article-meta\3_title-group.xml,"Factors Determining Suitable Landfill Sites for Energy Generation from Municipal Solid Waste: A Case Study of Jabodetabek Area, Indonesia",TIL,Indonesia,"(128, 137)",1
207,C:\Users\shweata\un-datathon-2023\corpus\climate_vulnerability_assessment_floods_2023_2022\PMC8916842\sections\1_front\1_article-meta\5_title-group.xml,"A multi-country comparative analysis of the impact of COVID-19 and natural hazards in India, Japan, the Philippines, and USA",TIL,"India, Japan, Philippines","(86, 91), (93, 98), (104, 115)",3
208,C:\Users\shweata\un-datathon-2023\corpus\climate_vulnerability_assessment_floods_2023_2022\PMC8921708\sections\1_front\1_article-meta\4_title-group.xml,"Healthcare system resilience in Bangladesh and Haiti in times of global changes (climate-related events, migration and Covid-19): an interdisciplinary mixed method research protocol",TIL,"Haiti, Bangladesh","(47, 52), (32, 42)",2
214,C:\Users\shweata\un-datathon-2023\corpus\climate_vulnerability_assessment_floods_2023_2022\PMC8951054\sections\1_front\1_article-meta\4_title-group.xml,Short- and Long-Term Effects of Drought on Selected Causes of Mortality in Northern Bangladesh,TIL,Bangladesh,"(84, 94)",1
216,C:\Users\shweata\un-datathon-2023\corpus\climate_vulnerability_assessment_floods_2023_2022\PMC8956590\sections\1_front\1_article-meta\4_title-group.xml,Effect of an improved agricultural irrigation scheme with a hydraulic structure for crop cultivation in arid northern Afghanistan using the Soil and Water Assessment Tool (SWAT),TIL,Afghanistan,"(118, 129)",1
222,C:\Users\shweata\un-datathon-2023\corpus\climate_vulnerability_assessment_floods_2023_2022\PMC8979636\sections\1_front\1_article-meta\5_title-group.xml,Evaluating the network of stakeholders in Multi-Hazard Early Warning Systems for multiple hazards amidst biological outbreaks: Sri Lanka as a case in point,TIL,Sri Lanka,"(127, 136)",1
224,C:\Users\shweata\un-datathon-2023\corpus\climate_vulnerability_assessment_floods_2023_2022\PMC8988101\sections\1_front\1_article-meta\5_title-group.xml,"Environmental flow in the context of dams and development with special reference to the Damodar Valley Project, India: a review",TIL,India,"(112, 117)",1
226,C:\Users\shweata\un-datathon-2023\corpus\climate_vulnerability_assessment_floods_2023_2022\PMC8991049\sections\1_front\1_article-meta\4_title-group.xml,Assessment of community-based flood early warning system in Malawi,TIL,Malawi,"(60, 66)",1
229,C:\Users\shweata\un-datathon-2023\corpus\climate_vulnerability_assessment_floods_2023_2022\PMC9005028\sections\1_front\1_article-meta\4_title-group.xml,"Drought and flood dynamics of Godavari basin, India: A geospatial perspective",TIL,India,"(46, 51)",1
232,C:\Users\shweata\un-datathon-2023\corpus\climate_vulnerability_assessment_floods_2023_2022\PMC9005915\sections\1_front\1_article-meta\5_title-group.xml,Effects of conservation measures on crop diversity and their implications for climate-resilient livelihoods: the case of Rupa Lake Watershed in Nepal,TIL,Nepal,"(144, 149)",1
233,C:\Users\shweata\un-datathon-2023\corpus\climate_vulnerability_assessment_floods_2023_2022\PMC9012808\sections\1_front\1_article-meta\4_title-group.xml,"Predictors of drought-induced crop yield/losses in two agroecologies of southern Tigray, Northern Ethiopia",TIL,Ethiopia,"(98, 106)",1
242,C:\Users\shweata\un-datathon-2023\corpus\climate_vulnerability_assessment_floods_2023_2022\PMC9101478\sections\1_front\1_article-meta\4_title-group.xml,"Flash Flood Vulnerability Mapping Based on FFPI Using GIS Spatial Analysis Case Study: Valea Rea Catchment Area, Romania",TIL,Romania,"(113, 120)",1
248,C:\Users\shweata\un-datathon-2023\corpus\climate_vulnerability_assessment_floods_2023_2022\PMC9120348\sections\1_front\1_article-meta\4_title-group.xml,Flood resilience in paired US–Mexico border cities: a study of binational risk perceptions,TIL,Mexico,"(30, 36)",1
249,C:\Users\shweata\un-datathon-2023\corpus\climate_vulnerability_assessment_floods_2023_2022\PMC9123852\sections\1_front\1_article-meta\5_title-group.xml,Climate change and non-migration — exploring the role of place relations in rural and coastal Bangladesh,TIL,Bangladesh,"(94, 104)",1
259,C:\Users\shweata\un-datathon-2023\corpus\climate_vulnerability_assessment_floods_2023_2022\PMC9189442\sections\1_front\1_article-meta\5_title-group.xml,Multisectoral intervention on food security in complex emergencies: a discourse on regional resilience praxis in Northeast Nigeria,TIL,Nigeria,"(123, 130)",1
263,C:\Users\shweata\un-datathon-2023\corpus\climate_vulnerability_assessment_floods_2023_2022\PMC9198247\sections\1_front\1_article-meta\3_title-group.xml,Study Protocol: Interactive Dynamics of Coral Reef Fisheries and the Nutrition Transition in Kiribati,TIL,Kiribati,"(93, 101)",1
264,C:\Users\shweata\un-datathon-2023\corpus\climate_vulnerability_assessment_floods_2023_2022\PMC9198516\sections\1_front\1_article-meta\5_title-group.xml,The absence of alternative stable states in vegetation cover of northeastern India The absence of alternative stable states in vegetation cover of northeastern India,TIL,India,"(77, 82)",1
265,C:\Users\shweata\un-datathon-2023\corpus\climate_vulnerability_assessment_floods_2023_2022\PMC9200915\sections\1_front\1_article-meta\5_title-group.xml,Large net forest loss in Cambodia’s Tonle Sap Lake protected areas during 1992–2019,TIL,Cambodia,"(25, 33)",1
266,C:\Users\shweata\un-datathon-2023\corpus\climate_vulnerability_assessment_floods_2023_2022\PMC9200927\sections\1_front\1_article-meta\5_title-group.xml,"River basin governance enabling pathways for sustainable management: A comparative study between Australia, Brazil, China and France",TIL,"Australia, Brazil, France","(97, 106), (108, 114), (126, 132)",3
268,C:\Users\shweata\un-datathon-2023\corpus\climate_vulnerability_assessment_floods_2023_2022\PMC9201013\sections\1_front\1_article-meta\5_title-group.xml,An experience from the mid-hills of Nepal,TIL,Nepal,"(36, 41)",1
271,C:\Users\shweata\un-datathon-2023\corpus\climate_vulnerability_assessment_floods_2023_2022\PMC9216564\sections\1_front\1_article-meta\4_title-group.xml,"Vulnerability of smallholder farmers to climate variability and change across different agro-ecological Zones in Oromo Nationality Administration (ONA), North east Ethiopia Vulnerability of small holder farmers to climate change",TIL,Ethiopia,"(164, 172)",1
275,C:\Users\shweata\un-datathon-2023\corpus\climate_vulnerability_assessment_floods_2023_2022\PMC9231754\sections\1_front\1_article-meta\4_title-group.xml,District flood vulnerability assessment using analytic hierarchy process (AHP) with historical flood events in Bhutan Flood vulnerability in Bhutan,TIL,Bhutan,"(111, 117)",1
279,C:\Users\shweata\un-datathon-2023\corpus\climate_vulnerability_assessment_floods_2023_2022\PMC9252212\sections\1_front\1_article-meta\5_title-group.xml,Exposure to risk and experiences of river flooding for people with disability and carers in rural Australia: a cross-sectional survey,TIL,Australia,"(98, 107)",1
280,C:\Users\shweata\un-datathon-2023\corpus\climate_vulnerability_assessment_floods_2023_2022\PMC9253355\sections\1_front\1_article-meta\5_title-group.xml,Mapping the vulnerability of indigenous fruit trees to environmental change in the fragile savannah ecological zone of Northern Ghana,TIL,Ghana,"(128, 133)",1
295,C:\Users\shweata\un-datathon-2023\corpus\climate_vulnerability_assessment_floods_2023_2022\PMC9305054\sections\1_front\1_article-meta\5_title-group.xml,"Mapping potential desertification-prone areas in North-Eastern Algeria using logistic regression model, GIS, and remote sensing techniques",TIL,Algeria,"(63, 70)",1
298,C:\Users\shweata\un-datathon-2023\corpus\climate_vulnerability_assessment_floods_2023_2022\PMC9308044\sections\1_front\1_article-meta\5_title-group.xml,Population Genomics of New Zealand Pouched Lamprey (kanakana; piharau;  Geotria australis ),TIL,New Zealand,"(23, 34)",1
300,C:\Users\shweata\un-datathon-2023\corpus\climate_vulnerability_assessment_floods_2023_2022\PMC9322643\sections\1_front\1_article-meta\4_title-group.xml,Ecological Niche Modeling of Water Lily ( Nymphaea  L.) Species in Australia under Climate Change to Ascertain Habitat Suitability for Conservation Measures,TIL,Australia,"(67, 76)",1
301,C:\Users\shweata\un-datathon-2023\corpus\climate_vulnerability_assessment_floods_2023_2022\PMC9326961\sections\1_front\1_article-meta\5_title-group.xml,Nature-based tourism as therapeutic landscape in a COVID era: autoethnographic learnings from a visitor’s experience in Iceland,TIL,Iceland,"(120, 127)",1
311,C:\Users\shweata\un-datathon-2023\corpus\climate_vulnerability_assessment_floods_2023_2022\PMC9372054\sections\1_front\1_article-meta\4_title-group.xml,Urban–rural disparity of social vulnerability to natural hazards in Australia,TIL,Australia,"(68, 77)",1
316,C:\Users\shweata\un-datathon-2023\corpus\climate_vulnerability_assessment_floods_2023_2022\PMC9395162\sections\1_front\1_article-meta\4_title-group.xml,"Imagining Resilient Courts: from COVID-19 to the Future of Canada’s Court System Imagining Resilient Courts: from COVID-19 to the Future of Canada’s Court System Matyas, Wills, and Dewitt",TIL,Canada,"(59, 65)",1
323,C:\Users\shweata\un-datathon-2023\corpus\climate_vulnerability_assessment_floods_2023_2022\PMC9416639\sections\1_front\1_article-meta\4_title-group.xml,Flood Hazard Assessment and Mapping: A Case Study from Australia’s Hawkesbury-Nepean Catchment,TIL,Australia,"(55, 64)",1
334,C:\Users\shweata\un-datathon-2023\corpus\climate_vulnerability_assessment_floods_2023_2022\PMC9467813\sections\1_front\1_article-meta\3_title-group.xml,"Climate Change Vulnerability Assessment in Mangrove-Dependent Communities of Manoka Island, Littoral Region of Cameroon",TIL,Cameroon,"(111, 119)",1
336,C:\Users\shweata\un-datathon-2023\corpus\climate_vulnerability_assessment_floods_2023_2022\PMC9481826\sections\1_front\1_article-meta\5_title-group.xml,Empowering Indigenous natural hazards management in northern Australia,TIL,Australia,"(61, 70)",1
337,C:\Users\shweata\un-datathon-2023\corpus\climate_vulnerability_assessment_floods_2023_2022\PMC9483355\sections\1_front\1_article-meta\5_title-group.xml,"Dengue risk zone mapping of Thiruvananthapuram district, India: a comparison of the AHP and F-AHP methods",TIL,India,"(57, 62)",1
343,C:\Users\shweata\un-datathon-2023\corpus\climate_vulnerability_assessment_floods_2023_2022\PMC9504014\sections\1_front\1_article-meta\4_title-group.xml,Hurricane María and Public Health in Puerto Rico: Lessons Learned to Increase Resiliency and Prepare for Future Disasters,TIL,Puerto Rico,"(37, 48)",1
344,C:\Users\shweata\un-datathon-2023\corpus\climate_vulnerability_assessment_floods_2023_2022\PMC9508197\sections\1_front\1_article-meta\5_title-group.xml,"Constraints to agroforestry diffusion under the Billion Trees Afforestation Project (BTAP), Pakistan: policy recommendations for 10-BTAP",TIL,Pakistan,"(92, 100)",1
351,C:\Users\shweata\un-datathon-2023\corpus\climate_vulnerability_assessment_floods_2023_2022\PMC9517618\sections\1_front\1_article-meta\4_title-group.xml,Protection Motivation Status and Factors Influencing Risk Reduction Measures among the Flood-Prone Households in Bangladesh,TIL,Bangladesh,"(113, 123)",1
353,C:\Users\shweata\un-datathon-2023\corpus\climate_vulnerability_assessment_floods_2023_2022\PMC9518472\sections\1_front\1_article-meta\4_title-group.xml,Spatial and Machine Learning Approach to Model Childhood Stunting in Pakistan: Role of Socio-Economic and Environmental Factors,TIL,Pakistan,"(69, 77)",1
359,C:\Users\shweata\un-datathon-2023\corpus\climate_vulnerability_assessment_floods_2023_2022\PMC9530841\sections\1_front\1_article-meta\5_title-group.xml,Disaster risk management system in Vietnam: progress and challenges,TIL,Vietnam,"(35, 42)",1
360,C:\Users\shweata\un-datathon-2023\corpus\climate_vulnerability_assessment_floods_2023_2022\PMC9535296\sections\1_front\1_article-meta\5_title-group.xml,"Geospatial application on mapping groundwater recharge zones in Makutupora basin, Tanzania",TIL,Tanzania,"(82, 90)",1
361,C:\Users\shweata\un-datathon-2023\corpus\climate_vulnerability_assessment_floods_2023_2022\PMC9535941\sections\1_front\1_article-meta\4_title-group.xml,"Associations between traumatic event experiences, psychiatric disorders, and suicidal behavior in the general population of Afghanistan: findings from Afghan National Mental Health Survey",TIL,Afghanistan,"(124, 135)",1
371,C:\Users\shweata\un-datathon-2023\corpus\climate_vulnerability_assessment_floods_2023_2022\PMC9559768\sections\1_front\1_article-meta\4_title-group.xml,"Assessing road criticality and loss of healthcare accessibility during floods: the case of Cyclone Idai, Mozambique 2019",TIL,Mozambique,"(105, 115)",1
378,C:\Users\shweata\un-datathon-2023\corpus\climate_vulnerability_assessment_floods_2023_2022\PMC9566407\sections\1_front\1_article-meta\4_title-group.xml,Coastal Erosion and Flood Coping Mechanisms in Southern Thailand: A Qualitative Study,TIL,Thailand,"(56, 64)",1
384,C:\Users\shweata\un-datathon-2023\corpus\climate_vulnerability_assessment_floods_2023_2022\PMC9579586\sections\1_front\1_article-meta\5_title-group.xml,"A canary, a coal mine, and imperfect data: determining the efficacy of open-source climate change models in detecting and predicting extreme weather events in Northern and Western Kenya",TIL,Kenya,"(180, 185)",1
386,C:\Users\shweata\un-datathon-2023\corpus\climate_vulnerability_assessment_floods_2023_2022\PMC9603240\sections\1_front\1_article-meta\4_title-group.xml,Factors Associated with Pro-Environmental Behaviors in Israel: A Comparison between Participants with and without a Chronic Disease,TIL,Israel,"(55, 61)",1
392,C:\Users\shweata\un-datathon-2023\corpus\climate_vulnerability_assessment_floods_2023_2022\PMC9607803\sections\1_front\1_article-meta\4_title-group.xml,Environmental life cycle assessment of rice production in northern Italy: a case study from Vercelli,TIL,Italy,"(67, 72)",1
405,C:\Users\shweata\un-datathon-2023\corpus\climate_vulnerability_assessment_floods_2023_2022\PMC9663579\sections\1_front\1_article-meta\4_title-group.xml,"Extraction and mapping of downpour impact and their Cumulonimbus origin, 20 May 2020, Vâlcea (Romania) via Sentinnel-1 SAR dual polarization",TIL,Romania,"(94, 101)",1
408,C:\Users\shweata\un-datathon-2023\corpus\climate_vulnerability_assessment_floods_2023_2022\PMC9672033\sections\1_front\1_article-meta\4_title-group.xml,Influence of tillage systems and sowing dates on the incidence of leaf spot disease in  Telfairia occidentalis  caused by  Phoma sorghina  in Cameroon,TIL,Cameroon,"(142, 150)",1
414,C:\Users\shweata\un-datathon-2023\corpus\climate_vulnerability_assessment_floods_2023_2022\PMC9712418\sections\1_front\1_article-meta\5_title-group.xml,Spatiotemporal drought analysis in Bangladesh using the standardized precipitation index (SPI) and standardized precipitation evapotranspiration index (SPEI),TIL,Bangladesh,"(35, 45)",1
415,C:\Users\shweata\un-datathon-2023\corpus\climate_vulnerability_assessment_floods_2023_2022\PMC9715727\sections\1_front\1_article-meta\5_title-group.xml,Integrating multiple information sources for landslide hazard assessment: the case of Italy,TIL,Italy,"(86, 91)",1
417,C:\Users\shweata\un-datathon-2023\corpus\climate_vulnerability_assessment_floods_2023_2022\PMC9732308\sections\1_front\1_article-meta\5_title-group.xml,Vulnerability management practices for sustainable livelihood security in drought-prone Gamo lowlands: An empirical insight from southwest Ethiopia,TIL,Ethiopia,"(139, 147)",1
418,C:\Users\shweata\un-datathon-2023\corpus\climate_vulnerability_assessment_floods_2023_2022\PMC9732403\sections\1_front\1_article-meta\5_title-group.xml,Resilience in maternal and child nutrition outcomes in a refugee-hosting community in Cameroon: A quasi-experimental study,TIL,Cameroon,"(86, 94)",1
419,C:\Users\shweata\un-datathon-2023\corpus\climate_vulnerability_assessment_floods_2023_2022\PMC9734385\sections\1_front\1_article-meta\5_title-group.xml,"Factors associated with farmers’ use of indigenous and scientific climate forecasts in Rwenzori region, Western Uganda",TIL,Uganda,"(112, 118)",1
426,C:\Users\shweata\un-datathon-2023\corpus\climate_vulnerability_assessment_floods_2023_2022\PMC9745771\sections\1_front\1_article-meta\5_title-group.xml,The consequences of debris flows in Brazil: a historical analysis based on recorded events in the last 100 years,TIL,Brazil,"(36, 42)",1
427,C:\Users\shweata\un-datathon-2023\corpus\climate_vulnerability_assessment_floods_2023_2022\PMC9746566\sections\1_front\1_article-meta\5_title-group.xml,Disaster management in India: are we fully equipped?,TIL,India,"(23, 28)",1
429,C:\Users\shweata\un-datathon-2023\corpus\climate_vulnerability_assessment_floods_2023_2022\PMC9763334\sections\1_front\1_article-meta\5_title-group.xml,"Estimate earth fissure hazard based on machine learning in the Qa’ Jahran Basin, Yemen",TIL,Yemen,"(81, 86)",1
432,C:\Users\shweata\un-datathon-2023\corpus\climate_vulnerability_assessment_floods_2023_2022\PMC9769472\sections\1_front\1_article-meta\4_title-group.xml,Strengthening agroecological resilience through commons-based seed governance in the Philippines,TIL,Philippines,"(85, 96)",1
456,C:\Users\shweata\un-datathon-2023\corpus\climate_vulnerability_assessment_floods_2023_2022\PMC9817512\sections\1_front\1_article-meta\4_title-group.xml,"Determinants of Herpetofaunal Diversity in a Threatened Wetland Ecosystem: A Case Study of the Ramaroshan Wetland Complex, Western Nepal",TIL,Nepal,"(131, 136)",1
466,C:\Users\shweata\un-datathon-2023\corpus\climate_vulnerability_assessment_floods_2023_2022\PMC9838292\sections\1_front\1_article-meta\4_title-group.xml,A local perspective of the socio-environmental vulnerability to environmental pollution and economic crises: a case of locals around a coal power plant in Sri Lanka,TIL,Sri Lanka,"(155, 164)",1
467,C:\Users\shweata\un-datathon-2023\corpus\climate_vulnerability_assessment_floods_2023_2022\PMC9838293\sections\1_front\1_article-meta\5_title-group.xml,"Climate change and coastal resiliency of Suva, Fiji: a holistic approach for measuring climate risk using the climate and ocean risk vulnerability index (CORVI)",TIL,Fiji,"(47, 51)",1
471,C:\Users\shweata\un-datathon-2023\corpus\climate_vulnerability_assessment_floods_2023_2022\PMC9844470\sections\1_front\1_article-meta\5_title-group.xml,"Urban Biomimicry for Flood Mitigation Using an Ecosystem Service Assessment Tool in Central Wellington, New Zealand",TIL,New Zealand,"(104, 115)",1
472,C:\Users\shweata\un-datathon-2023\corpus\climate_vulnerability_assessment_floods_2023_2022\PMC9856331\sections\1_front\1_article-meta\5_title-group.xml,Effect of a Multisectoral Agricultural Intervention on HIV Health Outcomes Among Adults in Kenya A Cluster Randomized Clinical Trial Effect of an Agricultural Intervention on HIV Health Outcomes Among Adults in Kenya Effect of an Agricultural Intervention on HIV Health Outcomes Among Adults in Kenya,TIL,Kenya,"(91, 96)",1
481,C:\Users\shweata\un-datathon-2023\corpus\climate_vulnerability_assessment_floods_2023_2022\PMC9879962\sections\1_front\1_article-meta\5_title-group.xml,Anthropogenic interventions on land neutrality in a critically vulnerable estuarine island ecosystem: a case of Munro Island (India),TIL,India,"(126, 131)",1
483,C:\Users\shweata\un-datathon-2023\corpus\climate_vulnerability_assessment_floods_2023_2022\PMC9885389\sections\1_front\1_article-meta\5_title-group.xml,How path dependency manifests in flood risk management: observations from four decades in the Ennstal and Aist catchments in Austria,TIL,Austria,"(125, 132)",1
484,C:\Users\shweata\un-datathon-2023\corpus\climate_vulnerability_assessment_floods_2023_2022\PMC9885410\sections\1_front\1_article-meta\5_title-group.xml,Nature-based solutions to enhance urban flood resiliency: case study of a Thailand Smart District,TIL,Thailand,"(74, 82)",1
485,C:\Users\shweata\un-datathon-2023\corpus\climate_vulnerability_assessment_floods_2023_2022\PMC9888335\sections\1_front\1_article-meta\4_title-group.xml,Climatic and Other Global Changes as Current Challenges in Improving Water Systems Management: Lessons from the Case of Italy,TIL,Italy,"(120, 125)",1
489,C:\Users\shweata\un-datathon-2023\corpus\climate_vulnerability_assessment_floods_2023_2022\PMC9907861\sections\1_front\1_article-meta\4_title-group.xml,"Prehistoric pathways to Anthropocene adaptation: Evidence from the Red River Delta, Vietnam Prehistoric pathways to Anthropocene adaptation: Evidence from the Red River Delta, Vietnam",TIL,Vietnam,"(84, 91)",1
492,C:\Users\shweata\un-datathon-2023\corpus\climate_vulnerability_assessment_floods_2023_2022\PMC9914209\sections\1_front\1_article-meta\4_title-group.xml,Storage Fungi and Mycotoxins Associated with Rice Samples Commercialized in Thailand,TIL,Thailand,"(76, 84)",1
495,C:\Users\shweata\un-datathon-2023\corpus\climate_vulnerability_assessment_floods_2023_2022\PMC9915201\sections\1_front\1_article-meta\4_title-group.xml,"Delineating the Intrinsic, Long-Term Path of Land Degradation: A Spatially Explicit Transition Matrix for Italy, 1960–2010",TIL,Italy,"(106, 111)",1
496,C:\Users\shweata\un-datathon-2023\corpus\climate_vulnerability_assessment_floods_2023_2022\PMC9915353\sections\1_front\1_article-meta\4_title-group.xml,"Application of “Behind the Barriers” Model at Neighbourhood Scale to Improve Water Management under Multi-Risks Scenarios: A Case Study in Lyon, France",TIL,France,"(145, 151)",1
499,C:\Users\shweata\un-datathon-2023\corpus\climate_vulnerability_assessment_floods_2023_2022\PMC9918484\sections\1_front\1_article-meta\4_title-group.xml,Identifying links between monsoon variability and rice production in India through machine learning,TIL,India,"(69, 74)",1
502,C:\Users\shweata\un-datathon-2023\corpus\climate_vulnerability_assessment_floods_2023_2022\PMC9932420\sections\1_front\1_article-meta\5_title-group.xml,Water balance components and climate extremes over Brazil under 1.5 °C and 2.0 °C of global warming scenarios,TIL,Brazil,"(51, 57)",1
503,C:\Users\shweata\un-datathon-2023\corpus\climate_vulnerability_assessment_floods_2023_2022\PMC9937866\sections\1_front\1_article-meta\4_title-group.xml,Climate change indications in short-period rainfall records from coastal India using trend analysis: a proposed framework,TIL,India,"(73, 78)",1
520,C:\Users\shweata\un-datathon-2023\corpus\climate_vulnerability_assessment_floods_2023_2022\PMC9984764\sections\1_front\1_article-meta\4_title-group.xml,Reappraisal of tsunami hazard for the Northern Coastal of Egypt considering sea level rise and delta subsidence scenarios,TIL,Egypt,"(58, 63)",1
522,C:\Users\shweata\un-datathon-2023\corpus\climate_vulnerability_assessment_floods_2023_2022\PMC9988553\sections\1_front\1_article-meta\5_title-group.xml,Salinity extrusion and resilience of coastal aquaculture to the climatic changes in the southwest region of Bangladesh,TIL,Bangladesh,"(108, 118)",1
523,C:\Users\shweata\un-datathon-2023\corpus\climate_vulnerability_assessment_floods_2023_2022\PMC9988572\sections\1_front\1_article-meta\5_title-group.xml,"Spatiotemporal monitoring of drought using satellite precipitation products: The case of Borena agro-pastoralists and pastoralists regions, South Ethiopia",TIL,Ethiopia,"(146, 154)",1
524,C:\Users\shweata\un-datathon-2023\corpus\climate_vulnerability_assessment_floods_2023_2022\PMC9988616\sections\1_front\1_article-meta\4_title-group.xml,"Inequality and the social construction of urban disaster risk in multi-hazard contexts: the case of Lima, Peru and the COVID-19 pandemic",TIL,Peru,"(106, 110)",1
525,C:\Users\shweata\un-datathon-2023\corpus\climate_vulnerability_assessment_floods_2023_2022\PMC9991880\sections\1_front\1_article-meta\4_title-group.xml,Meeting the challenges to climate change adaptation: an NGO community-based successful projects in Mauritius,TIL,Mauritius,"(99, 108)",1
